{"supy":"2023.5.15.dev8","system":{"commit":"ca60aab7340d9989d9428e11a51467658190bb6b","python":"3.9.16.final.0","python-bits":64,"OS":"Darwin","OS-release":"22.4.0","Version":"Darwin Kernel Version 22.4.0: Mon Mar  6 21:00:17 PST 2023; root:xnu-8796.101.5~3\/RELEASE_X86_64","machine":"x86_64","processor":"i386","byteorder":"little","LC_ALL":null,"LANG":"en_US.UTF-8","LOCALE":{"language-code":"en_US","encoding":"UTF-8"}},"dependencies":{"pandas":"1.4.4","numpy":"1.23.5","pytz":"2023.3","dateutil":"2.8.2","setuptools":"67.7.2","pip":"23.1.2","Cython":null,"pytest":"7.3.1","hypothesis":null,"sphinx":"7.0.0","blosc":null,"feather":null,"xlsxwriter":null,"lxml.etree":null,"html5lib":null,"pymysql":null,"psycopg2":null,"jinja2":"3.1.2","IPython":"8.13.1","pandas_datareader":null,"bs4":"4.12.2","bottleneck":null,"brotli":"","fastparquet":null,"fsspec":"2023.4.0","gcsfs":null,"markupsafe":"2.1.2","matplotlib":"3.7.1","numba":null,"numexpr":"2.8.4","odfpy":null,"openpyxl":"3.1.2","pandas_gbq":null,"pyarrow":"12.0.0","pyreadstat":null,"pyxlsb":null,"s3fs":null,"scipy":"1.10.1","snappy":null,"sqlalchemy":null,"tables":"3.7.0","tabulate":null,"xarray":"2023.4.2","xlrd":null,"xlwt":null,"zstandard":null}}